GISJOIN,GEOID,TotPop,Allocated
G2500010010100,14000US25001010100,2918,250
G2500010010206,14000US25001010206,3529,228
G2500010010208,14000US25001010208,1085,24
G2500010010304,14000US25001010304,2377,124
G2500010010306,14000US25001010306,2461,75
G2500010010400,14000US25001010400,2981,178
G2500010010500,14000US25001010500,2662,164
G2500010010600,14000US25001010600,2928,138
G2500010010700,14000US25001010700,2767,244
G2500010010800,14000US25001010800,4223,97
G2500010010900,14000US25001010900,5032,311
G2500010011002,14000US25001011002,3811,163
G2500010011100,14000US25001011100,4694,433
G2500010011200,14000US25001011200,3207,138
G2500010011300,14000US25001011300,2507,208
G2500010011400,14000US25001011400,2882,120
G2500010011500,14000US25001011500,3283,222
G2500010011600,14000US25001011600,2765,156
G2500010011700,14000US25001011700,1832,101
G2500010011801,14000US25001011801,2311,84
G2500010011802,14000US25001011802,3948,191
G2500010012001,14000US25001012001,5356,519
G2500010012002,14000US25001012002,2572,79
G2500010012101,14000US25001012101,5038,474
G2500010012102,14000US25001012102,2925,153
G2500010012200,14000US25001012200,4486,337
G2500010012502,14000US25001012502,3465,170
G2500010012601,14000US25001012601,3136,385
G2500010012602,14000US25001012602,4811,508
G2500010012700,14000US25001012700,4140,286
G2500010012800,14000US25001012800,3735,420
G2500010012900,14000US25001012900,3698,307
G2500010013002,14000US25001013002,2585,218
G2500010013100,14000US25001013100,4837,293
G2500010013200,14000US25001013200,4466,355
G2500010013300,14000US25001013300,2906,216
G2500010013400,14000US25001013400,3565,240
G2500010013500,14000US25001013500,6925,294
G2500010013600,14000US25001013600,5754,468
G2500010013700,14000US25001013700,4421,479
G2500010013800,14000US25001013800,4881,544
G2500010013900,14000US25001013900,4584,171
G2500010014002,14000US25001014002,4329,168
G2500010014100,14000US25001014100,528,17
G2500010014300,14000US25001014300,3734,217
G2500010014402,14000US25001014402,6881,812
G2500010014500,14000US25001014500,5224,258
G2500010014600,14000US25001014600,4089,228
G2500010014700,14000US25001014700,3175,289
G2500010014800,14000US25001014800,3166,162
G2500010014900,14000US25001014900,3352,240
G2500010015001,14000US25001015001,4048,435
G2500010015002,14000US25001015002,3643,144
G2500010015100,14000US25001015100,3606,235
G2500010015200,14000US25001015200,1971,158
G2500010015300,14000US25001015300,3126,134
G2500010990000,14000US25001990000,0,0
G2500030900100,14000US25003900100,2917,267
G2500030900200,14000US25003900200,4129,163
G2500030900300,14000US25003900300,2430,102
G2500030900400,14000US25003900400,4712,275
G2500030900500,14000US25003900500,2925,306
G2500030900600,14000US25003900600,2896,276
G2500030900700,14000US25003900700,2661,210
G2500030900800,14000US25003900800,4695,660
G2500030900900,14000US25003900900,4691,592
G2500030901100,14000US25003901100,3332,449
G2500030911100,14000US25003911100,2783,119
G2500030912100,14000US25003912100,6273,502
G2500030913100,14000US25003913100,4555,386
G2500030914100,14000US25003914100,5447,335
G2500030920101,14000US25003920101,4361,663
G2500030920102,14000US25003920102,2730,376
G2500030921300,14000US25003921300,4372,643
G2500030921400,14000US25003921400,1311,147
G2500030921500,14000US25003921500,2794,135
G2500030922100,14000US25003922100,2406,130
G2500030922200,14000US25003922200,3320,338
G2500030922300,14000US25003922300,1978,258
G2500030923100,14000US25003923100,3053,283
G2500030924100,14000US25003924100,1724,123
G2500030925100,14000US25003925100,6127,711
G2500030926100,14000US25003926100,3090,450
G2500030931100,14000US25003931100,1703,88
G2500030931300,14000US25003931300,1444,151
G2500030931400,14000US25003931400,1588,108
G2500030932200,14000US25003932200,2334,202
G2500030932300,14000US25003932300,1761,138
G2500030933200,14000US25003933200,1212,122
G2500030933300,14000US25003933300,1471,149
G2500030933400,14000US25003933400,2124,190
G2500030934200,14000US25003934200,1017,100
G2500030934300,14000US25003934300,1887,176
G2500030935100,14000US25003935100,2301,147
G2500030935200,14000US25003935200,4603,548
G2500030935300,14000US25003935300,3785,303
G2500050600100,14000US25005600100,3741,212
G2500050600202,14000US25005600202,4770,499
G2500050600203,14000US25005600203,5922,636
G2500050600204,14000US25005600204,3885,239
G2500050610100,14000US25005610100,5399,465
G2500050610202,14000US25005610202,5242,428
G2500050610203,14000US25005610203,6498,374
G2500050610204,14000US25005610204,5599,647
G2500050611101,14000US25005611101,5061,522
G2500050611102,14000US25005611102,5257,498
G2500050611201,14000US25005611201,2744,254
G2500050611202,14000US25005611202,5786,595
G2500050612100,14000US25005612100,4522,655
G2500050612200,14000US25005612200,8804,1185
G2500050613100,14000US25005613100,6137,276
G2500050613300,14000US25005613300,6474,650
G2500050613400,14000US25005613400,3491,299
G2500050613600,14000US25005613600,3591,259
G2500050613700,14000US25005613700,3891,334
G2500050613800,14000US25005613800,5182,360
G2500050613901,14000US25005613901,2578,164
G2500050613902,14000US25005613902,4858,617
G2500050614000,14000US25005614000,4243,469
G2500050614101,14000US25005614101,6542,650
G2500050614102,14000US25005614102,6278,610
G2500050615100,14000US25005615100,7366,411
G2500050616100,14000US25005616100,6445,496
G2500050617101,14000US25005617101,4919,317
G2500050617102,14000US25005617102,3923,297
G2500050630101,14000US25005630101,2952,230
G2500050630102,14000US25005630102,4028,339
G2500050630200,14000US25005630200,7787,625
G2500050630300,14000US25005630300,8384,750
G2500050630400,14000US25005630400,4571,467
G2500050631100,14000US25005631100,7038,862
G2500050631200,14000US25005631200,7622,690
G2500050631300,14000US25005631300,4331,464
G2500050631400,14000US25005631400,2491,284
G2500050631500,14000US25005631500,2886,297
G2500050631600,14000US25005631600,3519,444
G2500050631700,14000US25005631700,6254,499
G2500050631800,14000US25005631800,7405,321
G2500050632100,14000US25005632100,6486,527
G2500050632200,14000US25005632200,8325,605
G2500050633100,14000US25005633100,5535,399
G2500050633200,14000US25005633200,6172,505
G2500050640100,14000US25005640100,4691,254
G2500050640200,14000US25005640200,5716,319
G2500050640300,14000US25005640300,3585,347
G2500050640400,14000US25005640400,2544,161
G2500050640500,14000US25005640500,4723,232
G2500050640600,14000US25005640600,4151,312
G2500050640700,14000US25005640700,2499,202
G2500050640800,14000US25005640800,3653,189
G2500050640901,14000US25005640901,4969,273
G2500050641000,14000US25005641000,2318,76
G2500050641101,14000US25005641101,1453,177
G2500050641200,14000US25005641200,3007,177
G2500050641300,14000US25005641300,4812,361
G2500050641400,14000US25005641400,2576,106
G2500050641500,14000US25005641500,2266,111
G2500050641600,14000US25005641600,1987,93
G2500050641700,14000US25005641700,4528,287
G2500050641800,14000US25005641800,1750,177
G2500050641900,14000US25005641900,1997,153
G2500050642000,14000US25005642000,2401,180
G2500050642100,14000US25005642100,3641,107
G2500050642200,14000US25005642200,3673,450
G2500050642300,14000US25005642300,1968,162
G2500050642400,14000US25005642400,2921,247
G2500050642500,14000US25005642500,4334,244
G2500050644101,14000US25005644101,5792,558
G2500050644102,14000US25005644102,4988,612
G2500050644200,14000US25005644200,6438,782
G2500050645101,14000US25005645101,4791,252
G2500050645102,14000US25005645102,5602,314
G2500050645103,14000US25005645103,5454,666
G2500050646101,14000US25005646101,7212,731
G2500050646103,14000US25005646103,5495,330
G2500050646104,14000US25005646104,2655,41
G2500050650101,14000US25005650101,4799,238
G2500050650102,14000US25005650102,4594,321
G2500050650201,14000US25005650201,2853,214
G2500050650202,14000US25005650202,2024,168
G2500050650300,14000US25005650300,3234,289
G2500050650400,14000US25005650400,3402,241
G2500050650500,14000US25005650500,3029,117
G2500050650600,14000US25005650600,2936,136
G2500050650700,14000US25005650700,2139,125
G2500050650800,14000US25005650800,3130,368
G2500050650900,14000US25005650900,2635,315
G2500050651001,14000US25005651001,2886,240
G2500050651002,14000US25005651002,3673,175
G2500050651100,14000US25005651100,3889,315
G2500050651200,14000US25005651200,2074,130
G2500050651300,14000US25005651300,1795,154
G2500050651400,14000US25005651400,2947,284
G2500050651500,14000US25005651500,2856,167
G2500050651600,14000US25005651600,3746,218
G2500050651700,14000US25005651700,2306,353
G2500050651800,14000US25005651800,1848,157
G2500050651900,14000US25005651900,1630,56
G2500050652000,14000US25005652000,2275,121
G2500050652100,14000US25005652100,2715,259
G2500050652200,14000US25005652200,2504,215
G2500050652300,14000US25005652300,2370,299
G2500050652400,14000US25005652400,2481,114
G2500050652500,14000US25005652500,2646,263
G2500050652600,14000US25005652600,2197,232
G2500050652700,14000US25005652700,3103,183
G2500050652800,14000US25005652800,2943,348
G2500050653101,14000US25005653101,6482,647
G2500050653102,14000US25005653102,4548,460
G2500050653203,14000US25005653203,4551,331
G2500050653204,14000US25005653204,3162,186
G2500050653301,14000US25005653301,4819,354
G2500050653304,14000US25005653304,3243,162
G2500050654100,14000US25005654100,6640,390
G2500050654200,14000US25005654200,3316,263
G2500050655100,14000US25005655100,3876,252
G2500050655200,14000US25005655200,4725,256
G2500050655300,14000US25005655300,3058,227
G2500050655400,14000US25005655400,3294,328
G2500050985500,14000US25005985500,5300,323
G2500050985600,14000US25005985600,5297,229
G2500050990000,14000US25005990000,0,0
G2500070200100,14000US25007200100,4043,89
G2500070200200,14000US25007200200,4256,200
G2500070200300,14000US25007200300,4183,145
G2500070200400,14000US25007200400,4095,231
G2500070990000,14000US25007990000,0,0
G2500090201100,14000US25009201100,3414,399
G2500090202101,14000US25009202101,2100,242
G2500090202102,14000US25009202102,6159,618
G2500090202200,14000US25009202200,5689,248
G2500090203100,14000US25009203100,6597,447
G2500090203200,14000US25009203200,4398,304
G2500090203301,14000US25009203301,3864,342
G2500090203302,14000US25009203302,4726,385
G2500090204101,14000US25009204101,4583,583
G2500090204102,14000US25009204102,4730,536
G2500090204200,14000US25009204200,4722,399
G2500090204300,14000US25009204300,4109,343
G2500090204400,14000US25009204400,3171,165
G2500090204500,14000US25009204500,3236,298
G2500090204600,14000US25009204600,4549,347
G2500090204701,14000US25009204701,5651,511
G2500090204702,14000US25009204702,6107,548
G2500090205100,14000US25009205100,5215,423
G2500090205200,14000US25009205200,5000,377
G2500090205300,14000US25009205300,3819,248
G2500090205400,14000US25009205400,4595,411
G2500090205500,14000US25009205500,4870,534
G2500090205600,14000US25009205600,3110,264
G2500090205700,14000US25009205700,4380,720
G2500090205800,14000US25009205800,3430,231
G2500090205900,14000US25009205900,4022,396
G2500090206000,14000US25009206000,3024,314
G2500090206100,14000US25009206100,3858,496
G2500090206200,14000US25009206200,5364,423
G2500090206300,14000US25009206300,4409,767
G2500090206400,14000US25009206400,5109,764
G2500090206500,14000US25009206500,3031,177
G2500090206600,14000US25009206600,4248,229
G2500090206700,14000US25009206700,3532,209
G2500090206800,14000US25009206800,3823,286
G2500090206900,14000US25009206900,3870,488
G2500090207000,14000US25009207000,2246,108
G2500090207100,14000US25009207100,3330,220
G2500090207200,14000US25009207200,2249,113
G2500090208101,14000US25009208101,4641,561
G2500090208102,14000US25009208102,3025,391
G2500090208200,14000US25009208200,5360,547
G2500090208300,14000US25009208300,7652,585
G2500090208400,14000US25009208400,6087,712
G2500090209100,14000US25009209100,6176,452
G2500090209200,14000US25009209200,5988,432
G2500090210100,14000US25009210100,6158,424
G2500090210200,14000US25009210200,4848,306
G2500090210300,14000US25009210300,8366,434
G2500090210400,14000US25009210400,6572,506
G2500090210500,14000US25009210500,6014,697
G2500090210600,14000US25009210600,4263,695
G2500090210700,14000US25009210700,4530,385
G2500090210800,14000US25009210800,4390,438
G2500090210900,14000US25009210900,4091,765
G2500090211100,14000US25009211100,3811,351
G2500090211200,14000US25009211200,5909,204
G2500090211300,14000US25009211300,6150,719
G2500090211401,14000US25009211401,4010,315
G2500090211402,14000US25009211402,5909,521
G2500090212100,14000US25009212100,8274,713
G2500090213100,14000US25009213100,7910,696
G2500090214100,14000US25009214100,6057,312
G2500090215101,14000US25009215101,4624,231
G2500090215102,14000US25009215102,2945,256
G2500090216100,14000US25009216100,4998,461
G2500090217100,14000US25009217100,6504,431
G2500090217201,14000US25009217201,3955,380
G2500090217202,14000US25009217202,3420,161
G2500090217300,14000US25009217300,4477,361
G2500090217400,14000US25009217400,5810,253
G2500090217500,14000US25009217500,5799,564
G2500090217600,14000US25009217600,9271,1081
G2500090218100,14000US25009218100,5173,411
G2500090220101,14000US25009220101,3958,247
G2500090220102,14000US25009220102,2931,206
G2500090221100,14000US25009221100,4023,318
G2500090221300,14000US25009221300,4432,217
G2500090221400,14000US25009221400,3149,250
G2500090221500,14000US25009221500,2838,311
G2500090221600,14000US25009221600,2701,146
G2500090221700,14000US25009221700,2798,201
G2500090221800,14000US25009221800,1593,202
G2500090221901,14000US25009221901,3255,183
G2500090221902,14000US25009221902,3337,374
G2500090222100,14000US25009222100,3487,327
G2500090223100,14000US25009223100,4230,386
G2500090223200,14000US25009223200,3663,354
G2500090223300,14000US25009223300,5494,509
G2500090250100,14000US25009250100,2653,58
G2500090250200,14000US25009250200,5740,539
G2500090250300,14000US25009250300,2002,119
G2500090250400,14000US25009250400,3689,391
G2500090250500,14000US25009250500,3766,112
G2500090250600,14000US25009250600,4811,205
G2500090250700,14000US25009250700,4587,221
G2500090250800,14000US25009250800,7174,447
G2500090250900,14000US25009250900,1986,116
G2500090251000,14000US25009251000,1719,78
G2500090251100,14000US25009251100,2380,209
G2500090251200,14000US25009251200,1408,78
G2500090251300,14000US25009251300,3223,311
G2500090251400,14000US25009251400,4663,215
G2500090251500,14000US25009251500,5251,283
G2500090251600,14000US25009251600,5742,279
G2500090251700,14000US25009251700,4807,280
G2500090251800,14000US25009251800,7180,486
G2500090252101,14000US25009252101,3416,302
G2500090252102,14000US25009252102,3960,266
G2500090252201,14000US25009252201,3147,228
G2500090252202,14000US25009252202,3055,381
G2500090252300,14000US25009252300,7283,410
G2500090252400,14000US25009252400,4206,334
G2500090252501,14000US25009252501,4089,538
G2500090252502,14000US25009252502,4578,468
G2500090252601,14000US25009252601,6927,287
G2500090252602,14000US25009252602,4223,429
G2500090252603,14000US25009252603,2683,503
G2500090253100,14000US25009253100,5196,547
G2500090253201,14000US25009253201,2873,278
G2500090253202,14000US25009253202,6799,529
G2500090253203,14000US25009253203,4249,308
G2500090253204,14000US25009253204,5610,448
G2500090253205,14000US25009253205,4061,316
G2500090254100,14000US25009254100,5955,420
G2500090254200,14000US25009254200,5104,543
G2500090254301,14000US25009254301,3778,366
G2500090254302,14000US25009254302,4586,496
G2500090254401,14000US25009254401,3599,425
G2500090254402,14000US25009254402,7118,332
G2500090254403,14000US25009254403,3691,449
G2500090260100,14000US25009260100,5351,124
G2500090260200,14000US25009260200,3114,145
G2500090260301,14000US25009260301,4351,528
G2500090260302,14000US25009260302,2715,191
G2500090260401,14000US25009260401,3511,333
G2500090260402,14000US25009260402,6237,526
G2500090260500,14000US25009260500,3457,305
G2500090260600,14000US25009260600,3480,189
G2500090260700,14000US25009260700,4524,163
G2500090260800,14000US25009260800,4563,324
G2500090260900,14000US25009260900,4641,333
G2500090261000,14000US25009261000,3482,290
G2500090261101,14000US25009261101,4313,289
G2500090261102,14000US25009261102,5295,1557
G2500090262100,14000US25009262100,6612,667
G2500090263100,14000US25009263100,4473,332
G2500090264100,14000US25009264100,6440,438
G2500090265101,14000US25009265101,3515,267
G2500090265102,14000US25009265102,4751,285
G2500090266100,14000US25009266100,4126,312
G2500090266200,14000US25009266200,5164,567
G2500090266300,14000US25009266300,3533,224
G2500090266400,14000US25009266400,3622,412
G2500090267101,14000US25009267101,3661,246
G2500090267102,14000US25009267102,5217,304
G2500090268100,14000US25009268100,2706,155
G2500090268200,14000US25009268200,6307,223
G2500090268300,14000US25009268300,4021,398
G2500090268400,14000US25009268400,4164,289
G2500090269100,14000US25009269100,6871,526
G2500090270100,14000US25009270100,5981,533
G2500090990100,14000US25009990100,0,0
G2500110040100,14000US25011040100,4273,374
G2500110040200,14000US25011040200,4184,434
G2500110040300,14000US25011040300,2835,231
G2500110040400,14000US25011040400,3251,181
G2500110040501,14000US25011040501,3681,295
G2500110040502,14000US25011040502,3549,309
G2500110040600,14000US25011040600,4545,219
G2500110040701,14000US25011040701,3618,326
G2500110040702,14000US25011040702,4272,593
G2500110040800,14000US25011040800,5011,328
G2500110040900,14000US25011040900,4872,312
G2500110041000,14000US25011041000,2753,66
G2500110041100,14000US25011041100,3544,257
G2500110041200,14000US25011041200,2998,151
G2500110041300,14000US25011041300,4445,117
G2500110041400,14000US25011041400,2180,105
G2500110041501,14000US25011041501,3300,132
G2500110041502,14000US25011041502,3432,239
G2500130800101,14000US25013800101,3705,356
G2500130800102,14000US25013800102,4079,201
G2500130800201,14000US25013800201,6203,633
G2500130800202,14000US25013800202,1405,77
G2500130800300,14000US25013800300,4230,466
G2500130800400,14000US25013800400,5595,375
G2500130800500,14000US25013800500,3706,187
G2500130800600,14000US25013800600,2025,42
G2500130800700,14000US25013800700,4056,280
G2500130800800,14000US25013800800,1932,116
G2500130800900,14000US25013800900,4022,296
G2500130801101,14000US25013801101,1556,81
G2500130801102,14000US25013801102,1078,56
G2500130801200,14000US25013801200,2095,120
G2500130801300,14000US25013801300,4821,515
G2500130801401,14000US25013801401,3474,106
G2500130801402,14000US25013801402,1858,190
G2500130801501,14000US25013801501,5099,673
G2500130801502,14000US25013801502,2992,287
G2500130801503,14000US25013801503,4123,392
G2500130801601,14000US25013801601,4538,328
G2500130801602,14000US25013801602,4581,254
G2500130801603,14000US25013801603,3458,284
G2500130801604,14000US25013801604,3557,224
G2500130801605,14000US25013801605,4550,317
G2500130801700,14000US25013801700,7414,273
G2500130801800,14000US25013801800,3916,173
G2500130801901,14000US25013801901,3293,359
G2500130801902,14000US25013801902,3422,197
G2500130802000,14000US25013802000,2729,267
G2500130802100,14000US25013802100,5940,637
G2500130802200,14000US25013802200,2545,84
G2500130802300,14000US25013802300,6482,672
G2500130802400,14000US25013802400,3705,199
G2500130802500,14000US25013802500,6073,564
G2500130802601,14000US25013802601,6964,751
G2500130802602,14000US25013802602,1909,142
G2500130810100,14000US25013810100,5913,430
G2500130810200,14000US25013810200,2337,129
G2500130810300,14000US25013810300,3333,254
G2500130810403,14000US25013810403,3748,289
G2500130810404,14000US25013810404,3622,186
G2500130810412,14000US25013810412,6033,457
G2500130810414,14000US25013810414,6147,464
G2500130810601,14000US25013810601,4079,475
G2500130810602,14000US25013810602,2588,169
G2500130810700,14000US25013810700,5996,705
G2500130810800,14000US25013810800,3647,174
G2500130810901,14000US25013810901,1923,235
G2500130810902,14000US25013810902,3980,160
G2500130811000,14000US25013811000,4246,440
G2500130811101,14000US25013811101,4406,265
G2500130811102,14000US25013811102,5878,462
G2500130811200,14000US25013811200,4446,358
G2500130811301,14000US25013811301,5820,517
G2500130811302,14000US25013811302,5353,281
G2500130811400,14000US25013811400,2105,68
G2500130811500,14000US25013811500,1994,77
G2500130811600,14000US25013811600,3611,190
G2500130811700,14000US25013811700,2117,72
G2500130811800,14000US25013811800,3669,249
G2500130811900,14000US25013811900,3500,401
G2500130812001,14000US25013812001,3020,104
G2500130812002,14000US25013812002,4109,162
G2500130812101,14000US25013812101,5023,386
G2500130812103,14000US25013812103,3308,294
G2500130812104,14000US25013812104,4068,318
G2500130812201,14000US25013812201,4328,687
G2500130812202,14000US25013812202,3634,168
G2500130812300,14000US25013812300,4998,366
G2500130812401,14000US25013812401,6351,515
G2500130812403,14000US25013812403,3896,308
G2500130812404,14000US25013812404,3814,453
G2500130812500,14000US25013812500,7334,674
G2500130812600,14000US25013812600,5967,396
G2500130812701,14000US25013812701,4164,439
G2500130812702,14000US25013812702,4665,360
G2500130812800,14000US25013812800,6431,741
G2500130812901,14000US25013812901,3326,132
G2500130812902,14000US25013812902,4559,366
G2500130812903,14000US25013812903,2801,46
G2500130813000,14000US25013813000,6705,283
G2500130813101,14000US25013813101,5674,494
G2500130813102,14000US25013813102,3529,432
G2500130813204,14000US25013813204,3009,167
G2500130813205,14000US25013813205,6674,512
G2500130813206,14000US25013813206,3703,280
G2500130813207,14000US25013813207,4805,397
G2500130813208,14000US25013813208,3027,215
G2500130813209,14000US25013813209,5451,728
G2500130813301,14000US25013813301,6943,961
G2500130813303,14000US25013813303,3954,282
G2500130813304,14000US25013813304,3867,148
G2500130813401,14000US25013813401,4830,288
G2500130813403,14000US25013813403,3702,249
G2500130813404,14000US25013813404,6377,532
G2500130813500,14000US25013813500,4863,391
G2500130813601,14000US25013813601,7865,497
G2500130813602,14000US25013813602,6046,367
G2500130813701,14000US25013813701,3359,288
G2500130813702,14000US25013813702,4905,166
G2500130813801,14000US25013813801,4427,258
G2500130813802,14000US25013813802,3458,394
G2500150820101,14000US25015820101,5771,584
G2500150820102,14000US25015820102,3547,159
G2500150820202,14000US25015820202,1230,34
G2500150820203,14000US25015820203,7851,482
G2500150820204,14000US25015820204,6275,325
G2500150820300,14000US25015820300,6742,575
G2500150820400,14000US25015820400,13198,5738
G2500150820500,14000US25015820500,6063,681
G2500150820600,14000US25015820600,1784,681
G2500150820700,14000US25015820700,4674,365
G2500150820801,14000US25015820801,5291,510
G2500150820802,14000US25015820802,1153,663
G2500150820900,14000US25015820900,6039,468
G2500150821000,14000US25015821000,3920,295
G2500150821100,14000US25015821100,6724,424
G2500150821200,14000US25015821200,2365,984
G2500150821300,14000US25015821300,3780,494
G2500150821400,14000US25015821400,5127,340
G2500150821500,14000US25015821500,3210,238
G2500150821601,14000US25015821601,3059,239
G2500150821602,14000US25015821602,3319,173
G2500150821700,14000US25015821700,3145,133
G2500150821901,14000US25015821901,3520,365
G2500150821903,14000US25015821903,2955,164
G2500150821904,14000US25015821904,2520,176
G2500150822000,14000US25015822000,2412,1084
G2500150822200,14000US25015822200,5780,481
G2500150822300,14000US25015822300,4665,64
G2500150822401,14000US25015822401,5631,502
G2500150822402,14000US25015822402,5011,310
G2500150822500,14000US25015822500,5932,260
G2500150822601,14000US25015822601,1942,178
G2500150822603,14000US25015822603,1784,81
G2500150822605,14000US25015822605,1182,56
G2500150822606,14000US25015822606,3389,277
G2500150822700,14000US25015822700,3153,262
G2500170300100,14000US25017300100,3094,229
G2500170301101,14000US25017301101,3928,277
G2500170301102,14000US25017301102,5056,392
G2500170310100,14000US25017310100,5794,316
G2500170310200,14000US25017310200,6014,204
G2500170310300,14000US25017310300,5881,559
G2500170310400,14000US25017310400,2858,170
G2500170310500,14000US25017310500,3617,522
G2500170310601,14000US25017310601,5295,306
G2500170310602,14000US25017310602,5057,444
G2500170310700,14000US25017310700,4531,534
G2500170311100,14000US25017311100,2304,182
G2500170311200,14000US25017311200,2711,283
G2500170311300,14000US25017311300,3765,332
G2500170311400,14000US25017311400,5784,239
G2500170311500,14000US25017311500,2705,396
G2500170311600,14000US25017311600,5359,754
G2500170311700,14000US25017311700,4908,672
G2500170311800,14000US25017311800,3352,220
G2500170311900,14000US25017311900,2623,339
G2500170312000,14000US25017312000,2631,268
G2500170312100,14000US25017312100,3093,89
G2500170312200,14000US25017312200,4312,337
G2500170312300,14000US25017312300,4923,313
G2500170312400,14000US25017312400,2096,82
G2500170312501,14000US25017312501,4145,438
G2500170312502,14000US25017312502,3790,163
G2500170313101,14000US25017313101,6273,374
G2500170313102,14000US25017313102,5595,468
G2500170314101,14000US25017314101,6747,813
G2500170314102,14000US25017314102,7385,449
G2500170314200,14000US25017314200,4425,114
G2500170314301,14000US25017314301,7837,750
G2500170314302,14000US25017314302,3098,340
G2500170315100,14000US25017315100,5516,462
G2500170315200,14000US25017315200,7943,640
G2500170315401,14000US25017315401,3550,389
G2500170315402,14000US25017315402,3070,164
G2500170315403,14000US25017315403,1739,181
G2500170315500,14000US25017315500,7237,650
G2500170316101,14000US25017316101,5041,339
G2500170316102,14000US25017316102,6345,290
G2500170316201,14000US25017316201,4021,213
G2500170316202,14000US25017316202,4158,492
G2500170316300,14000US25017316300,8718,790
G2500170316400,14000US25017316400,5881,712
G2500170316500,14000US25017316500,5572,481
G2500170317101,14000US25017317101,6277,592
G2500170317102,14000US25017317102,4353,341
G2500170317103,14000US25017317103,4387,519
G2500170317201,14000US25017317201,2937,203
G2500170317202,14000US25017317202,3149,124
G2500170317203,14000US25017317203,3787,413
G2500170317301,14000US25017317301,2613,166
G2500170317302,14000US25017317302,5570,431
G2500170318100,14000US25017318100,6639,278
G2500170318200,14000US25017318200,4535,484
G2500170318300,14000US25017318300,7761,658
G2500170318400,14000US25017318400,4267,330
G2500170320102,14000US25017320102,5095,283
G2500170320103,14000US25017320103,2762,81
G2500170320104,14000US25017320104,8672,682
G2500170321100,14000US25017321100,6147,541
G2500170321200,14000US25017321200,6130,267
G2500170321300,14000US25017321300,7721,257
G2500170321400,14000US25017321400,3271,327
G2500170321500,14000US25017321500,5811,353
G2500170321600,14000US25017321600,7856,266
G2500170322100,14000US25017322100,4588,345
G2500170322200,14000US25017322200,3965,249
G2500170322300,14000US25017322300,6039,786
G2500170322400,14000US25017322400,4372,367
G2500170323100,14000US25017323100,6626,657
G2500170324101,14000US25017324101,5271,517
G2500170324102,14000US25017324102,4181,272
G2500170325100,14000US25017325100,7347,572
G2500170326101,14000US25017326101,4289,376
G2500170326102,14000US25017326102,6481,631
G2500170327101,14000US25017327101,3686,268
G2500170327102,14000US25017327102,4198,225
G2500170327103,14000US25017327103,3492,514
G2500170328100,14000US25017328100,3240,251
G2500170330100,14000US25017330100,8542,626
G2500170330200,14000US25017330200,6234,394
G2500170331101,14000US25017331101,3045,229
G2500170331102,14000US25017331102,6734,607
G2500170331200,14000US25017331200,5285,467
G2500170331300,14000US25017331300,6798,497
G2500170332100,14000US25017332100,6164,872
G2500170332200,14000US25017332200,8951,908
G2500170332300,14000US25017332300,7075,591
G2500170332400,14000US25017332400,3858,445
G2500170333100,14000US25017333100,7347,636
G2500170333200,14000US25017333200,4914,482
G2500170333300,14000US25017333300,3347,162
G2500170333400,14000US25017333400,6025,297
G2500170333501,14000US25017333501,5478,579
G2500170333502,14000US25017333502,2968,114
G2500170333600,14000US25017333600,7737,604
G2500170334100,14000US25017334100,6189,417
G2500170334200,14000US25017334200,3764,188
G2500170334300,14000US25017334300,7232,707
G2500170334400,14000US25017334400,6084,392
G2500170335100,14000US25017335100,5401,645
G2500170335200,14000US25017335200,6091,455
G2500170335301,14000US25017335301,4155,465
G2500170335302,14000US25017335302,4729,284
G2500170335400,14000US25017335400,4887,324
G2500170336100,14000US25017336100,5217,308
G2500170336200,14000US25017336200,5541,717
G2500170336300,14000US25017336300,6191,349
G2500170336401,14000US25017336401,5050,378
G2500170336402,14000US25017336402,4225,410
G2500170337101,14000US25017337101,2919,271
G2500170337102,14000US25017337102,5150,548
G2500170337201,14000US25017337201,3072,289
G2500170337202,14000US25017337202,4961,266
G2500170337300,14000US25017337300,5583,692
G2500170338100,14000US25017338100,3040,265
G2500170338200,14000US25017338200,3543,233
G2500170338300,14000US25017338300,3165,273
G2500170338400,14000US25017338400,5832,620
G2500170338500,14000US25017338500,5501,408
G2500170339100,14000US25017339100,6015,374
G2500170339200,14000US25017339200,5535,699
G2500170339300,14000US25017339300,2400,305
G2500170339400,14000US25017339400,3466,435
G2500170339500,14000US25017339500,5406,1165
G2500170339600,14000US25017339600,5001,509
G2500170339700,14000US25017339700,3677,276
G2500170339801,14000US25017339801,4822,200
G2500170339802,14000US25017339802,4853,677
G2500170339900,14000US25017339900,4745,391
G2500170340000,14000US25017340000,2233,90
G2500170340100,14000US25017340100,5808,659
G2500170341101,14000US25017341101,3716,185
G2500170341102,14000US25017341102,4156,418
G2500170341200,14000US25017341200,6638,1020
G2500170341300,14000US25017341300,5381,649
G2500170341400,14000US25017341400,5919,479
G2500170341500,14000US25017341500,4951,348
G2500170341600,14000US25017341600,5721,788
G2500170341700,14000US25017341700,5129,594
G2500170341800,14000US25017341800,5998,246
G2500170341901,14000US25017341901,1262,131
G2500170341902,14000US25017341902,8356,503
G2500170342101,14000US25017342101,4630,661
G2500170342102,14000US25017342102,3899,333
G2500170342201,14000US25017342201,4703,363
G2500170342202,14000US25017342202,3578,641
G2500170342300,14000US25017342300,7370,855
G2500170342400,14000US25017342400,6649,939
G2500170342500,14000US25017342500,8033,420
G2500170342600,14000US25017342600,4392,533
G2500170350103,14000US25017350103,2149,264
G2500170350104,14000US25017350104,7530,548
G2500170350200,14000US25017350200,6967,342
G2500170350300,14000US25017350300,2586,172
G2500170350400,14000US25017350400,5582,704
G2500170350500,14000US25017350500,1554,123
G2500170350600,14000US25017350600,4904,1162
G2500170350700,14000US25017350700,5479,527
G2500170350800,14000US25017350800,2016,172
G2500170350900,14000US25017350900,3643,259
G2500170351000,14000US25017351000,6589,559
G2500170351100,14000US25017351100,5489,638
G2500170351203,14000US25017351203,4285,485
G2500170351204,14000US25017351204,4419,373
G2500170351300,14000US25017351300,3948,622
G2500170351403,14000US25017351403,4387,423
G2500170351404,14000US25017351404,3615,358
G2500170351500,14000US25017351500,2226,162
G2500170352101,14000US25017352101,2543,141
G2500170352102,14000US25017352102,2417,114
G2500170352200,14000US25017352200,1728,141
G2500170352300,14000US25017352300,4417,319
G2500170352400,14000US25017352400,1883,126
G2500170352500,14000US25017352500,2736,236
G2500170352600,14000US25017352600,2732,317
G2500170352700,14000US25017352700,2084,288
G2500170352800,14000US25017352800,2245,291
G2500170352900,14000US25017352900,2757,210
G2500170353000,14000US25017353000,3648,213
G2500170353101,14000US25017353101,2573,424
G2500170353102,14000US25017353102,4868,1821
G2500170353200,14000US25017353200,5103,839
G2500170353300,14000US25017353300,4148,131
G2500170353400,14000US25017353400,3064,167
G2500170353500,14000US25017353500,2696,206
G2500170353600,14000US25017353600,4762,807
G2500170353700,14000US25017353700,5754,1033
G2500170353800,14000US25017353800,4297,223
G2500170353900,14000US25017353900,5859,1222
G2500170354000,14000US25017354000,4297,577
G2500170354100,14000US25017354100,2785,204
G2500170354200,14000US25017354200,2950,384
G2500170354300,14000US25017354300,3068,151
G2500170354400,14000US25017354400,1632,162
G2500170354500,14000US25017354500,2550,165
G2500170354600,14000US25017354600,5709,288
G2500170354700,14000US25017354700,2729,137
G2500170354800,14000US25017354800,2389,167
G2500170354900,14000US25017354900,7628,572
G2500170355000,14000US25017355000,2973,211
G2500170356100,14000US25017356100,2886,308
G2500170356300,14000US25017356300,5041,419
G2500170356400,14000US25017356400,7298,472
G2500170356500,14000US25017356500,6779,550
G2500170356601,14000US25017356601,4339,374
G2500170356602,14000US25017356602,3843,313
G2500170356701,14000US25017356701,5279,518
G2500170356702,14000US25017356702,6532,607
G2500170357100,14000US25017357100,4142,197
G2500170357200,14000US25017357200,3123,221
G2500170357300,14000US25017357300,2934,188
G2500170357400,14000US25017357400,2213,156
G2500170357500,14000US25017357500,2053,185
G2500170357600,14000US25017357600,2509,230
G2500170357700,14000US25017357700,3571,235
G2500170357800,14000US25017357800,3718,262
G2500170358100,14000US25017358100,5037,417
G2500170358300,14000US25017358300,5461,808
G2500170358400,14000US25017358400,4960,338
G2500170358500,14000US25017358500,5197,512
G2500170358600,14000US25017358600,5713,505
G2500170358700,14000US25017358700,5191,382
G2500170359100,14000US25017359100,5873,277
G2500170359300,14000US25017359300,7242,672
G2500170360100,14000US25017360100,1244,49
G2500170360200,14000US25017360200,4680,343
G2500170361100,14000US25017361100,5195,774
G2500170361200,14000US25017361200,5618,483
G2500170361300,14000US25017361300,5632,537
G2500170362100,14000US25017362100,5072,347
G2500170363102,14000US25017363102,6245,247
G2500170363103,14000US25017363103,3525,387
G2500170363104,14000US25017363104,5940,518
G2500170363201,14000US25017363201,3004,301
G2500170363202,14000US25017363202,3671,203
G2500170364101,14000US25017364101,5189,347
G2500170364102,14000US25017364102,4748,418
G2500170365100,14000US25017365100,7653,679
G2500170365201,14000US25017365201,5620,377
G2500170365202,14000US25017365202,4568,419
G2500170366100,14000US25017366100,4466,354
G2500170366201,14000US25017366201,3242,298
G2500170366202,14000US25017366202,5073,351
G2500170367100,14000US25017367100,4160,556
G2500170367200,14000US25017367200,7200,836
G2500170368101,14000US25017368101,6161,814
G2500170368102,14000US25017368102,3768,443
G2500170368200,14000US25017368200,4083,345
G2500170368300,14000US25017368300,4809,482
G2500170368400,14000US25017368400,7915,950
G2500170368500,14000US25017368500,2790,190
G2500170368600,14000US25017368600,5226,523
G2500170368700,14000US25017368700,2458,202
G2500170368800,14000US25017368800,4904,442
G2500170368901,14000US25017368901,7052,664
G2500170368902,14000US25017368902,4182,389
G2500170369000,14000US25017369000,1521,226
G2500170369100,14000US25017369100,4910,565
G2500170370101,14000US25017370101,6531,731
G2500170370102,14000US25017370102,8059,430
G2500170370201,14000US25017370201,3550,217
G2500170370202,14000US25017370202,4056,289
G2500170370300,14000US25017370300,5689,787
G2500170370400,14000US25017370400,4916,690
G2500170373100,14000US25017373100,4765,334
G2500170373200,14000US25017373200,4833,335
G2500170373300,14000US25017373300,3115,327
G2500170373400,14000US25017373400,3408,233
G2500170373500,14000US25017373500,5698,729
G2500170373600,14000US25017373600,6384,1529
G2500170373700,14000US25017373700,3649,119
G2500170373800,14000US25017373800,5495,216
G2500170373900,14000US25017373900,6072,668
G2500170374000,14000US25017374000,4853,514
G2500170374100,14000US25017374100,4479,485
G2500170374200,14000US25017374200,4138,357
G2500170374300,14000US25017374300,3374,227
G2500170374400,14000US25017374400,5257,499
G2500170374500,14000US25017374500,4187,292
G2500170374600,14000US25017374600,4919,310
G2500170374700,14000US25017374700,4448,406
G2500170374800,14000US25017374800,4722,553
G2500170382100,14000US25017382100,4787,366
G2500170382200,14000US25017382200,4980,580
G2500170382300,14000US25017382300,5800,753
G2500170382400,14000US25017382400,4906,314
G2500170382500,14000US25017382500,4682,328
G2500170382601,14000US25017382601,4195,306
G2500170382602,14000US25017382602,4303,480
G2500170383101,14000US25017383101,2989,177
G2500170383102,14000US25017383102,4952,406
G2500170383200,14000US25017383200,5534,669
G2500170383300,14000US25017383300,2708,226
G2500170383400,14000US25017383400,6697,468
G2500170383501,14000US25017383501,4819,330
G2500170383502,14000US25017383502,3489,322
G2500170383600,14000US25017383600,5579,236
G2500170383700,14000US25017383700,4907,350
G2500170383800,14000US25017383800,5901,291
G2500170383901,14000US25017383901,7436,417
G2500170383902,14000US25017383902,5213,392
G2500170384001,14000US25017384001,1376,125
G2500170384002,14000US25017384002,5383,328
G2500170385100,14000US25017385100,6891,615
G2500170385201,14000US25017385201,2542,184
G2500170385202,14000US25017385202,7201,352
G2500170386100,14000US25017386100,4131,245
G2500170387100,14000US25017387100,4005,315
G2500170387201,14000US25017387201,5898,381
G2500170387202,14000US25017387202,4115,386
G2500170388100,14000US25017388100,5331,718
G2500170388200,14000US25017388200,5954,117
G2500170388300,14000US25017388300,5670,316
G2500170980000,14000US25017980000,0,0
G2500190950100,14000US25019950100,1635,96
G2500190950200,14000US25019950200,4833,743
G2500190950307,14000US25019950307,486,12
G2500190950400,14000US25019950400,2461,308
G2500190950500,14000US25019950500,995,21
G2500190990000,14000US25019990000,0,0
G2500210400100,14000US25021400100,4690,374
G2500210400200,14000US25021400200,6218,336
G2500210400300,14000US25021400300,4010,283
G2500210400400,14000US25021400400,5538,366
G2500210400500,14000US25021400500,4859,228
G2500210400600,14000US25021400600,5018,405
G2500210400700,14000US25021400700,3197,332
G2500210400800,14000US25021400800,4881,388
G2500210400900,14000US25021400900,3879,329
G2500210401000,14000US25021401000,3154,187
G2500210401100,14000US25021401100,3839,467
G2500210401200,14000US25021401200,6558,651
G2500210402101,14000US25021402101,3433,424
G2500210402102,14000US25021402102,3974,405
G2500210402200,14000US25021402200,2146,248
G2500210402300,14000US25021402300,4028,394
G2500210402400,14000US25021402400,5732,490
G2500210402500,14000US25021402500,3203,274
G2500210403100,14000US25021403100,6562,274
G2500210403300,14000US25021403300,3935,383
G2500210403400,14000US25021403400,6557,405
G2500210403500,14000US25021403500,6012,748
G2500210404100,14000US25021404100,3841,369
G2500210404201,14000US25021404201,3429,444
G2500210404202,14000US25021404202,4914,691
G2500210404301,14000US25021404301,5085,315
G2500210404302,14000US25021404302,3558,257
G2500210404400,14000US25021404400,6299,478
G2500210405100,14000US25021405100,5835,601
G2500210406101,14000US25021406101,5544,491
G2500210406102,14000US25021406102,6274,421
G2500210407100,14000US25021407100,7908,624
G2500210408101,14000US25021408101,7659,486
G2500210408102,14000US25021408102,4923,389
G2500210409101,14000US25021409101,3676,165
G2500210409102,14000US25021409102,5149,509
G2500210410100,14000US25021410100,6659,1076
G2500210410300,14000US25021410300,4365,415
G2500210410400,14000US25021410400,5492,488
G2500210411100,14000US25021411100,7732,729
G2500210411200,14000US25021411200,6670,331
G2500210411301,14000US25021411301,5164,817
G2500210411302,14000US25021411302,3409,367
G2500210412100,14000US25021412100,6566,614
G2500210412200,14000US25021412200,3814,484
G2500210412300,14000US25021412300,5008,579
G2500210413100,14000US25021413100,4970,359
G2500210413200,14000US25021413200,6391,776
G2500210413300,14000US25021413300,4784,566
G2500210413401,14000US25021413401,2991,169
G2500210413402,14000US25021413402,4043,298
G2500210413500,14000US25021413500,4350,350
G2500210414100,14000US25021414100,5281,502
G2500210414200,14000US25021414200,7158,907
G2500210414300,14000US25021414300,4927,547
G2500210415101,14000US25021415101,4328,381
G2500210415102,14000US25021415102,7827,867
G2500210415200,14000US25021415200,5695,789
G2500210415300,14000US25021415300,3944,462
G2500210416101,14000US25021416101,5290,637
G2500210416102,14000US25021416102,3709,404
G2500210416200,14000US25021416200,6599,874
G2500210416300,14000US25021416300,4526,555
G2500210416400,14000US25021416400,5496,566
G2500210417100,14000US25021417100,4687,643
G2500210417200,14000US25021417200,7848,813
G2500210417300,14000US25021417300,2853,192
G2500210417400,14000US25021417400,2465,121
G2500210417501,14000US25021417501,4848,351
G2500210417502,14000US25021417502,4309,590
G2500210417601,14000US25021417601,4637,450
G2500210417602,14000US25021417602,4820,359
G2500210417701,14000US25021417701,4826,231
G2500210417702,14000US25021417702,2681,232
G2500210417801,14000US25021417801,4562,381
G2500210417802,14000US25021417802,3125,203
G2500210417901,14000US25021417901,6527,452
G2500210417902,14000US25021417902,3599,489
G2500210418002,14000US25021418002,6624,394
G2500210418003,14000US25021418003,2640,183
G2500210418004,14000US25021418004,4394,542
G2500210418101,14000US25021418101,4274,393
G2500210418102,14000US25021418102,2966,326
G2500210418200,14000US25021418200,6399,575
G2500210419100,14000US25021419100,5577,305
G2500210419200,14000US25021419200,4749,474
G2500210419300,14000US25021419300,3990,209
G2500210419400,14000US25021419400,3124,311
G2500210419500,14000US25021419500,2915,216
G2500210419600,14000US25021419600,6542,578
G2500210419700,14000US25021419700,3885,464
G2500210419800,14000US25021419800,3956,503
G2500210420100,14000US25021420100,8320,1652
G2500210420201,14000US25021420201,3038,238
G2500210420202,14000US25021420202,5980,345
G2500210420301,14000US25021420301,6764,722
G2500210420302,14000US25021420302,7423,776
G2500210421100,14000US25021421100,5516,519
G2500210421200,14000US25021421200,5200,388
G2500210422100,14000US25021422100,5138,260
G2500210422200,14000US25021422200,7514,606
G2500210422301,14000US25021422301,3148,425
G2500210422302,14000US25021422302,6215,382
G2500210422400,14000US25021422400,7317,746
G2500210422501,14000US25021422501,5051,462
G2500210422502,14000US25021422502,4935,422
G2500210422600,14000US25021422600,6721,827
G2500210422700,14000US25021422700,3611,345
G2500210422800,14000US25021422800,3956,321
G2500210423100,14000US25021423100,7768,508
G2500210440100,14000US25021440100,8794,649
G2500210441202,14000US25021441202,2958,356
G2500210441203,14000US25021441203,3549,306
G2500210441204,14000US25021441204,4321,385
G2500210442101,14000US25021442101,5350,516
G2500210442102,14000US25021442102,7032,638
G2500210442103,14000US25021442103,7154,1017
G2500210442201,14000US25021442201,3972,195
G2500210442202,14000US25021442202,7988,621
G2500210443101,14000US25021443101,7425,326
G2500210443102,14000US25021443102,8873,879
G2500210456101,14000US25021456101,3664,363
G2500210456102,14000US25021456102,4827,354
G2500210456200,14000US25021456200,3808,378
G2500210456301,14000US25021456301,2063,94
G2500210456302,14000US25021456302,4735,182
G2500210456401,14000US25021456401,2509,315
G2500210456402,14000US25021456402,5341,450
G2500210457100,14000US25021457100,4249,408
G2500210457200,14000US25021457200,5861,479
G2500230500101,14000US25023500101,3794,323
G2500230500103,14000US25023500103,1961,101
G2500230500104,14000US25023500104,4407,351
G2500230501101,14000US25023501101,3270,313
G2500230501102,14000US25023501102,7760,960
G2500230501201,14000US25023501201,3758,292
G2500230501202,14000US25023501202,7100,776
G2500230502101,14000US25023502101,6056,460
G2500230502102,14000US25023502102,5322,567
G2500230502200,14000US25023502200,5403,580
G2500230503101,14000US25023503101,6481,704
G2500230503102,14000US25023503102,7007,752
G2500230504101,14000US25023504101,5086,473
G2500230504102,14000US25023504102,5047,499
G2500230505101,14000US25023505101,6187,670
G2500230505102,14000US25023505102,4862,439
G2500230505200,14000US25023505200,6533,771
G2500230506101,14000US25023506101,6350,453
G2500230506102,14000US25023506102,5608,373
G2500230506202,14000US25023506202,2483,406
G2500230506203,14000US25023506203,5172,561
G2500230506204,14000US25023506204,4859,101
G2500230507101,14000US25023507101,5275,397
G2500230507103,14000US25023507103,4314,254
G2500230507104,14000US25023507104,5487,402
G2500230508101,14000US25023508101,6688,754
G2500230508102,14000US25023508102,4838,238
G2500230508200,14000US25023508200,6079,796
G2500230509101,14000US25023509101,7244,728
G2500230509102,14000US25023509102,5440,403
G2500230510100,14000US25023510100,4274,743
G2500230510200,14000US25023510200,6039,422
G2500230510300,14000US25023510300,3958,223
G2500230510400,14000US25023510400,3395,398
G2500230510501,14000US25023510501,2780,377
G2500230510502,14000US25023510502,5076,733
G2500230510503,14000US25023510503,4096,191
G2500230510600,14000US25023510600,2984,474
G2500230510700,14000US25023510700,5730,356
G2500230510800,14000US25023510800,6524,677
G2500230510900,14000US25023510900,2231,279
G2500230511000,14000US25023511000,2852,109
G2500230511100,14000US25023511100,4840,347
G2500230511200,14000US25023511200,4589,489
G2500230511301,14000US25023511301,4509,313
G2500230511302,14000US25023511302,3075,315
G2500230511400,14000US25023511400,3776,524
G2500230511500,14000US25023511500,4568,177
G2500230511600,14000US25023511600,6482,633
G2500230511701,14000US25023511701,4135,440
G2500230511702,14000US25023511702,2208,133
G2500230520100,14000US25023520100,6375,481
G2500230520201,14000US25023520201,3821,339
G2500230520202,14000US25023520202,5298,600
G2500230521101,14000US25023521101,4349,392
G2500230521102,14000US25023521102,3171,142
G2500230521201,14000US25023521201,3104,266
G2500230521202,14000US25023521202,3561,210
G2500230522101,14000US25023522101,4455,567
G2500230522102,14000US25023522102,5851,472
G2500230523100,14000US25023523100,3233,460
G2500230523201,14000US25023523201,2723,196
G2500230523202,14000US25023523202,7389,719
G2500230524101,14000US25023524101,2844,294
G2500230524102,14000US25023524102,3822,352
G2500230525101,14000US25023525101,6164,360
G2500230525104,14000US25023525104,6125,548
G2500230525203,14000US25023525203,5093,601
G2500230525204,14000US25023525204,3721,355
G2500230525300,14000US25023525300,20,0
G2500230526100,14000US25023526100,7440,284
G2500230530100,14000US25023530100,4312,424
G2500230530200,14000US25023530200,3942,183
G2500230530300,14000US25023530300,3586,160
G2500230530400,14000US25023530400,5738,258
G2500230530500,14000US25023530500,4473,448
G2500230530600,14000US25023530600,5117,578
G2500230530700,14000US25023530700,5520,412
G2500230530801,14000US25023530801,6126,538
G2500230530802,14000US25023530802,4433,420
G2500230530901,14000US25023530901,8429,719
G2500230530902,14000US25023530902,4247,394
G2500230540101,14000US25023540101,3849,275
G2500230540102,14000US25023540102,2462,165
G2500230540103,14000US25023540103,4274,245
G2500230541100,14000US25023541100,5264,381
G2500230542101,14000US25023542101,7527,548
G2500230542102,14000US25023542102,2401,230
G2500230542200,14000US25023542200,6414,374
G2500230542300,14000US25023542300,6869,589
G2500230543100,14000US25023543100,2770,241
G2500230544100,14000US25023544100,5510,389
G2500230544200,14000US25023544200,5624,214
G2500230545100,14000US25023545100,6423,749
G2500230545200,14000US25023545200,6081,354
G2500230545300,14000US25023545300,3970,374
G2500230545400,14000US25023545400,4997,312
G2500230560100,14000US25023560100,6153,314
G2500230561100,14000US25023561100,4824,280
G2500230561200,14000US25023561200,3210,1414
G2500230990003,14000US25023990003,0,0
G2500250000100,14000US25025000100,5708,693
G2500250000201,14000US25025000201,3889,491
G2500250000202,14000US25025000202,4279,342
G2500250000301,14000US25025000301,2802,266
G2500250000302,14000US25025000302,3123,139
G2500250000401,14000US25025000401,5388,618
G2500250000402,14000US25025000402,3480,501
G2500250000502,14000US25025000502,5507,722
G2500250000503,14000US25025000503,2030,62
G2500250000504,14000US25025000504,4842,761
G2500250000601,14000US25025000601,3667,559
G2500250000602,14000US25025000602,4091,281
G2500250000701,14000US25025000701,4330,231
G2500250000703,14000US25025000703,2000,213
G2500250000704,14000US25025000704,4688,235
G2500250000802,14000US25025000802,6621,554
G2500250000803,14000US25025000803,5808,253
G2500250010103,14000US25025010103,3686,154
G2500250010104,14000US25025010104,4936,229
G2500250010203,14000US25025010203,5390,446
G2500250010204,14000US25025010204,3804,289
G2500250010300,14000US25025010300,5343,681
G2500250010403,14000US25025010403,2753,215
G2500250010404,14000US25025010404,5037,362
G2500250010405,14000US25025010405,5997,496
G2500250010408,14000US25025010408,1474,101
G2500250010500,14000US25025010500,3316,259
G2500250010600,14000US25025010600,3095,177
G2500250010701,14000US25025010701,2371,152
G2500250010702,14000US25025010702,2498,292
G2500250010801,14000US25025010801,2926,289
G2500250010802,14000US25025010802,3088,164
G2500250020101,14000US25025020101,4682,561
G2500250020200,14000US25025020200,3485,288
G2500250020301,14000US25025020301,2060,40
G2500250020302,14000US25025020302,1044,137
G2500250020303,14000US25025020303,3746,268
G2500250030100,14000US25025030100,2214,214
G2500250030200,14000US25025030200,1643,209
G2500250030300,14000US25025030300,5308,413
G2500250030400,14000US25025030400,2291,278
G2500250030500,14000US25025030500,2348,146
G2500250040100,14000US25025040100,2191,245
G2500250040200,14000US25025040200,1738,205
G2500250040300,14000US25025040300,4103,329
G2500250040401,14000US25025040401,2644,185
G2500250040600,14000US25025040600,3100,292
G2500250040801,14000US25025040801,4124,307
G2500250050101,14000US25025050101,5158,698
G2500250050200,14000US25025050200,5369,920
G2500250050300,14000US25025050300,2651,228
G2500250050400,14000US25025050400,2226,265
G2500250050500,14000US25025050500,2018,182
G2500250050600,14000US25025050600,2377,193
G2500250050700,14000US25025050700,5286,393
G2500250050901,14000US25025050901,4445,513
G2500250051000,14000US25025051000,4353,520
G2500250051101,14000US25025051101,7239,677
G2500250051200,14000US25025051200,2851,333
G2500250060101,14000US25025060101,3471,332
G2500250060200,14000US25025060200,2027,206
G2500250060301,14000US25025060301,3531,364
G2500250060400,14000US25025060400,5310,486
G2500250060501,14000US25025060501,3917,306
G2500250060600,14000US25025060600,4050,171
G2500250060700,14000US25025060700,2349,108
G2500250060800,14000US25025060800,4477,635
G2500250061000,14000US25025061000,2909,267
G2500250061101,14000US25025061101,2083,146
G2500250061200,14000US25025061200,4416,285
G2500250070101,14000US25025070101,7148,720
G2500250070200,14000US25025070200,5201,383
G2500250070300,14000US25025070300,4234,248
G2500250070402,14000US25025070402,2577,260
G2500250070500,14000US25025070500,5551,524
G2500250070600,14000US25025070600,2366,382
G2500250070700,14000US25025070700,2527,171
G2500250070800,14000US25025070800,3505,408
G2500250070900,14000US25025070900,3041,439
G2500250071101,14000US25025071101,3642,245
G2500250071201,14000US25025071201,3401,220
G2500250080100,14000US25025080100,1895,118
G2500250080300,14000US25025080300,1987,247
G2500250080401,14000US25025080401,2720,276
G2500250080500,14000US25025080500,3148,275
G2500250080601,14000US25025080601,3905,205
G2500250080801,14000US25025080801,4570,660
G2500250080900,14000US25025080900,3550,343
G2500250081001,14000US25025081001,4930,325
G2500250081100,14000US25025081100,3592,300
G2500250081200,14000US25025081200,3436,317
G2500250081300,14000US25025081300,4624,548
G2500250081400,14000US25025081400,2873,343
G2500250081500,14000US25025081500,2699,204
G2500250081700,14000US25025081700,3701,625
G2500250081800,14000US25025081800,2875,430
G2500250081900,14000US25025081900,3413,241
G2500250082000,14000US25025082000,3287,313
G2500250082100,14000US25025082100,5672,591
G2500250090100,14000US25025090100,4749,303
G2500250090200,14000US25025090200,2129,105
G2500250090300,14000US25025090300,2908,227
G2500250090400,14000US25025090400,4216,545
G2500250090600,14000US25025090600,2607,372
G2500250090700,14000US25025090700,3785,521
G2500250090901,14000US25025090901,3556,344
G2500250091001,14000US25025091001,2686,253
G2500250091100,14000US25025091100,4676,670
G2500250091200,14000US25025091200,3169,276
G2500250091300,14000US25025091300,2521,318
G2500250091400,14000US25025091400,3055,180
G2500250091500,14000US25025091500,4846,684
G2500250091600,14000US25025091600,2946,226
G2500250091700,14000US25025091700,3096,352
G2500250091800,14000US25025091800,3292,503
G2500250091900,14000US25025091900,4201,374
G2500250092000,14000US25025092000,5239,538
G2500250092101,14000US25025092101,6764,326
G2500250092200,14000US25025092200,3037,321
G2500250092300,14000US25025092300,3240,351
G2500250092400,14000US25025092400,5661,772
G2500250100100,14000US25025100100,6544,256
G2500250100200,14000US25025100200,3067,173
G2500250100300,14000US25025100300,3971,350
G2500250100400,14000US25025100400,5518,739
G2500250100500,14000US25025100500,6197,396
G2500250100601,14000US25025100601,6003,1067
G2500250100603,14000US25025100603,1853,161
G2500250100700,14000US25025100700,4180,243
G2500250100800,14000US25025100800,5807,444
G2500250100900,14000US25025100900,4386,426
G2500250101001,14000US25025101001,5591,669
G2500250101002,14000US25025101002,5913,873
G2500250101101,14000US25025101101,3467,297
G2500250101102,14000US25025101102,4813,240
G2500250110103,14000US25025110103,6394,1281
G2500250110201,14000US25025110201,2390,440
G2500250110301,14000US25025110301,2474,488
G2500250110401,14000US25025110401,3532,382
G2500250110403,14000US25025110403,4624,380
G2500250110501,14000US25025110501,3278,258
G2500250110502,14000US25025110502,4392,302
G2500250110601,14000US25025110601,2640,294
G2500250110607,14000US25025110607,5067,280
G2500250120103,14000US25025120103,1753,157
G2500250120104,14000US25025120104,2202,186
G2500250120105,14000US25025120105,2474,315
G2500250120201,14000US25025120201,3612,203
G2500250120301,14000US25025120301,4839,503
G2500250120400,14000US25025120400,5952,908
G2500250120500,14000US25025120500,2619,522
G2500250120600,14000US25025120600,2377,216
G2500250120700,14000US25025120700,2073,104
G2500250130100,14000US25025130100,6265,830
G2500250130200,14000US25025130200,4559,394
G2500250130300,14000US25025130300,4121,458
G2500250130402,14000US25025130402,4311,481
G2500250130404,14000US25025130404,3158,345
G2500250130406,14000US25025130406,5652,900
G2500250140102,14000US25025140102,5482,999
G2500250140105,14000US25025140105,3913,434
G2500250140106,14000US25025140106,2222,287
G2500250140107,14000US25025140107,2762,385
G2500250140201,14000US25025140201,2326,152
G2500250140202,14000US25025140202,6389,718
G2500250140300,14000US25025140300,7408,1315
G2500250140400,14000US25025140400,8559,1498
G2500250160101,14000US25025160101,7630,1368
G2500250160200,14000US25025160200,3600,241
G2500250160300,14000US25025160300,2140,217
G2500250160400,14000US25025160400,3124,138
G2500250160501,14000US25025160501,5437,596
G2500250160502,14000US25025160502,4507,187
G2500250160601,14000US25025160601,4200,367
G2500250160602,14000US25025160602,5449,727
G2500250170100,14000US25025170100,7305,992
G2500250170200,14000US25025170200,4344,623
G2500250170300,14000US25025170300,8584,1206
G2500250170400,14000US25025170400,4815,671
G2500250170501,14000US25025170501,3855,637
G2500250170502,14000US25025170502,2321,282
G2500250170601,14000US25025170601,5113,518
G2500250170701,14000US25025170701,1985,217
G2500250170702,14000US25025170702,5560,492
G2500250170800,14000US25025170800,5953,935
G2500250180101,14000US25025180101,4817,561
G2500250180200,14000US25025180200,4073,733
G2500250180301,14000US25025180301,2738,174
G2500250180400,14000US25025180400,1861,199
G2500250180500,14000US25025180500,4175,399
G2500250980101,14000US25025980101,457,125
G2500250980300,14000US25025980300,217,22
G2500250980700,14000US25025980700,0,0
G2500250981000,14000US25025981000,0,0
G2500250981100,14000US25025981100,246,12
G2500250981201,14000US25025981201,0,0
G2500250981202,14000US25025981202,28,0
G2500250981300,14000US25025981300,392,0
G2500250981501,14000US25025981501,0,0
G2500250981502,14000US25025981502,0,0
G2500250981600,14000US25025981600,0,0
G2500250981700,14000US25025981700,0,0
G2500250981800,14000US25025981800,26,0
G2500250990101,14000US25025990101,67,0
G2500270700100,14000US25027700100,5791,499
G2500270701100,14000US25027701100,8222,580
G2500270702200,14000US25027702200,3066,233
G2500270703100,14000US25027703100,4062,170
G2500270703200,14000US25027703200,3323,143
G2500270703300,14000US25027703300,3464,178
G2500270704200,14000US25027704200,2865,239
G2500270705100,14000US25027705100,7708,846
G2500270706100,14000US25027706100,4481,306
G2500270707100,14000US25027707100,3788,141
G2500270707200,14000US25027707200,1995,101
G2500270707300,14000US25027707300,3677,354
G2500270707400,14000US25027707400,4307,412
G2500270707500,14000US25027707500,4425,290
G2500270708100,14000US25027708100,7443,393
G2500270709100,14000US25027709100,3809,307
G2500270709201,14000US25027709201,6927,778
G2500270709202,14000US25027709202,6544,405
G2500270709400,14000US25027709400,4347,367
G2500270709501,14000US25027709501,2016,146
G2500270709502,14000US25027709502,5495,226
G2500270709600,14000US25027709600,2541,235
G2500270709701,14000US25027709701,4719,263
G2500270709702,14000US25027709702,2384,115
G2500270710100,14000US25027710100,2607,179
G2500270710200,14000US25027710200,5992,306
G2500270710300,14000US25027710300,2771,177
G2500270710400,14000US25027710400,2184,126
G2500270710500,14000US25027710500,2971,242
G2500270710600,14000US25027710600,7449,476
G2500270710700,14000US25027710700,1583,42
G2500270710800,14000US25027710800,4611,280
G2500270711000,14000US25027711000,2924,502
G2500270711100,14000US25027711100,4625,541
G2500270712101,14000US25027712101,6569,853
G2500270712102,14000US25027712102,4324,380
G2500270713100,14000US25027713100,6412,500
G2500270715100,14000US25027715100,4921,203
G2500270716100,14000US25027716100,7287,702
G2500270716200,14000US25027716200,2495,217
G2500270716300,14000US25027716300,3331,246
G2500270717100,14000US25027717100,3095,372
G2500270718100,14000US25027718100,4423,290
G2500270719100,14000US25027719100,7638,836
G2500270720100,14000US25027720100,3330,149
G2500270721101,14000US25027721101,1790,80
G2500270721102,14000US25027721102,8147,408
G2500270722100,14000US25027722100,5259,508
G2500270723100,14000US25027723100,3968,276
G2500270724100,14000US25027724100,3469,238
G2500270725100,14000US25027725100,4415,354
G2500270726100,14000US25027726100,5847,538
G2500270726200,14000US25027726200,5694,364
G2500270727100,14000US25027727100,4654,430
G2500270728100,14000US25027728100,4905,312
G2500270728200,14000US25027728200,3902,79
G2500270728300,14000US25027728300,4354,322
G2500270728400,14000US25027728400,4805,436
G2500270729100,14000US25027729100,3158,281
G2500270729200,14000US25027729200,2222,290
G2500270730100,14000US25027730100,5958,753
G2500270730200,14000US25027730200,5330,362
G2500270730300,14000US25027730300,4651,253
G2500270730401,14000US25027730401,4622,210
G2500270730402,14000US25027730402,2019,251
G2500270730500,14000US25027730500,3278,193
G2500270730600,14000US25027730600,8743,769
G2500270730700,14000US25027730700,6315,428
G2500270730801,14000US25027730801,3494,467
G2500270730802,14000US25027730802,1880,197
G2500270730901,14000US25027730901,2992,268
G2500270730902,14000US25027730902,3867,397
G2500270731001,14000US25027731001,2042,164
G2500270731002,14000US25027731002,5639,693
G2500270731101,14000US25027731101,3875,244
G2500270731102,14000US25027731102,2191,81
G2500270731202,14000US25027731202,1525,172
G2500270731203,14000US25027731203,5139,350
G2500270731204,14000US25027731204,2256,204
G2500270731300,14000US25027731300,3408,14
G2500270731400,14000US25027731400,3644,258
G2500270731500,14000US25027731500,4203,300
G2500270731600,14000US25027731600,7180,768
G2500270731700,14000US25027731700,2864,89
G2500270731800,14000US25027731800,6934,847
G2500270731900,14000US25027731900,4593,271
G2500270732001,14000US25027732001,3404,260
G2500270732002,14000US25027732002,3841,473
G2500270732201,14000US25027732201,2559,192
G2500270732202,14000US25027732202,3393,311
G2500270732203,14000US25027732203,2920,314
G2500270732301,14000US25027732301,4330,462
G2500270732302,14000US25027732302,3890,300
G2500270732400,14000US25027732400,6749,407
G2500270732500,14000US25027732500,1515,30
G2500270732600,14000US25027732600,3211,206
G2500270732700,14000US25027732700,3722,118
G2500270732801,14000US25027732801,4758,364
G2500270732802,14000US25027732802,3953,309
G2500270732901,14000US25027732901,6476,584
G2500270732902,14000US25027732902,2827,276
G2500270733000,14000US25027733000,3316,315
G2500270733101,14000US25027733101,2120,193
G2500270733102,14000US25027733102,2114,186
G2500270735100,14000US25027735100,6457,548
G2500270735200,14000US25027735200,4297,457
G2500270736100,14000US25027736100,2530,319
G2500270736200,14000US25027736200,3734,153
G2500270736300,14000US25027736300,2310,131
G2500270736400,14000US25027736400,3132,303
G2500270736500,14000US25027736500,4251,389
G2500270737100,14000US25027737100,4730,120
G2500270737200,14000US25027737200,1879,174
G2500270737300,14000US25027737300,6259,549
G2500270738100,14000US25027738100,4166,250
G2500270738201,14000US25027738201,3924,328
G2500270738202,14000US25027738202,6443,464
G2500270739100,14000US25027739100,9293,791
G2500270739200,14000US25027739200,6382,362
G2500270739300,14000US25027739300,3729,286
G2500270739400,14000US25027739400,8408,428
G2500270739500,14000US25027739500,7704,830
G2500270740101,14000US25027740101,5677,328
G2500270740102,14000US25027740102,5490,402
G2500270740200,14000US25027740200,2987,94
G2500270741101,14000US25027741101,4154,285
G2500270741102,14000US25027741102,5308,357
G2500270742300,14000US25027742300,3628,363
G2500270742401,14000US25027742401,5040,442
G2500270742402,14000US25027742402,3807,603
G2500270743100,14000US25027743100,7448,618
G2500270744101,14000US25027744101,7347,833
G2500270744102,14000US25027744102,4921,424
G2500270744200,14000US25027744200,6538,573
G2500270744300,14000US25027744300,3895,160
G2500270744400,14000US25027744400,3957,167
G2500270745100,14000US25027745100,5676,713
G2500270746100,14000US25027746100,5798,712
G2500270747101,14000US25027747101,5206,183
G2500270747102,14000US25027747102,3629,170
G2500270748100,14000US25027748100,3082,142
G2500270749100,14000US25027749100,7161,481
G2500270749200,14000US25027749200,5945,411
G2500270750100,14000US25027750100,5777,394
G2500270750200,14000US25027750200,6677,438
G2500270750300,14000US25027750300,2550,117
G2500270751101,14000US25027751101,6219,619
G2500270751102,14000US25027751102,2815,215
G2500270752100,14000US25027752100,8496,361
G2500270753100,14000US25027753100,7709,376
G2500270753200,14000US25027753200,5471,323
G2500270754100,14000US25027754100,5601,268
G2500270754200,14000US25027754200,3389,249
G2500270754300,14000US25027754300,3149,110
G2500270754400,14000US25027754400,3517,174
G2500270755100,14000US25027755100,3252,132
G2500270755200,14000US25027755200,8091,835
G2500270756101,14000US25027756101,4404,197
G2500270756102,14000US25027756102,8255,435
G2500270757100,14000US25027757100,4288,297
G2500270757200,14000US25027757200,2152,103
G2500270757300,14000US25027757300,2448,69
G2500270757400,14000US25027757400,2518,118
G2500270757500,14000US25027757500,4137,282
G2500270758101,14000US25027758101,1562,215
G2500270758102,14000US25027758102,7432,421
G2500270759100,14000US25027759100,1821,93
G2500270760100,14000US25027760100,3266,223
G2500270761100,14000US25027761100,4776,233
G2500270761200,14000US25027761200,4967,434
G2500270761300,14000US25027761300,3032,205
G2500270761400,14000US25027761400,5181,291
